[
{"folder":"AboutMe.mp4","lock":"0","name":"About Me","video_id":"0"},
{"folder":"1#fitness/","lock":"1","name":"Fitness"},
{"folder":"1#fitness/1#fitt_programs/","lock":"1","name":"FITT Programs"},
{"folder":"1#fitness/1#fitt_programs/1#fitt_jumpstart/","lock":"1","name":"FITT Jumpstart – Beginner","video_id":"1"},
{"folder":"1#fitness/1#fitt_programs/1#fitt_jumpstart/1#JumpStartCardio.jpg","lock":"1","name":"Jump Start Cardio","video_id":"2"},
{"folder":"1#fitness/1#fitt_programs/1#fitt_jumpstart/2#StrengthTraining.jpg","lock":"1","name":"Strength Training","video_id":"3"},
{"folder":"1#fitness/1#fitt_programs/1#fitt_jumpstart/3#CardioStrengthAbs.jpg","lock":"1","name":"Cardio, Strength & Abs","video_id":"4"},
{"folder":"1#fitness/1#fitt_programs/3#fitter_in_30/","lock":"1","name":"FITTer in 30 – Advanced"},
{"folder":"1#fitness/1#fitt_programs/3#fitter_in_30/1#HIITCardio1.jpg","lock":"1","name":"Cardio Level 1","video_id":"5"},
{"folder":"1#fitness/1#fitt_programs/3#fitter_in_30/2#FITTUpperBody.jpg","lock":"1","name":"FITT Upper Body","video_id":"6"},
{"folder":"1#fitness/1#fitt_programs/3#fitter_in_30/3#FITTLowerBody.jpg","lock":"1","name":"FITT Lower Body","video_id":"7"},
{"folder":"1#fitness/1#fitt_programs/3#fitter_in_30/4#HIITCardio2.jpg","lock":"1","name":"FITT Cardio","video_id":"8"},
{"folder":"1#fitness/1#fitt_programs/3#fitter_in_30/5#SexyBack.jpg","lock":"1","name":"FITT Sexy Back","video_id":"9"},
{"folder":"1#fitness/1#fitt_programs/3#fitter_in_30/6#HIITCardio3.jpg","lock":"1","name":" Kasheshe Cardio","video_id":"10"},
{"folder":"1#fitness/1#fitt_programs/4#30_day_challenge/","lock":"1","name":"30 Day Challenge"},
{"folder":"1#fitness/1#fitt_programs/4#30_day_challenge/01#Day120MinFullBody.jpg","lock":"1","name":"Day 1 20 Min Full Body","video_id":"11"},
{"folder":"1#fitness/1#fitt_programs/4#30_day_challenge/02#Day2FatBurnCardio.jpg","lock":"1","name":"Day 2 Fat Burn Cardio","video_id":"12"},
{"folder":"1#fitness/1#fitt_programs/4#30_day_challenge/03#Day3WorktheAbs.jpg","lock":"1","name":"Day 3 AAA: All About Abs","video_id":"13"},
{"folder":"1#fitness/1#fitt_programs/4#30_day_challenge/04#Day4LegsBooty.jpg","lock":"1","name":"Day 4 Legs & Booty","video_id":"14"},
{"folder":"1#fitness/1#fitt_programs/4#30_day_challenge/05#Day5UpperBodyCircuit.jpg","lock":"1","name":"Day 5 Arms, Back & Shoulders","video_id":"15"},
{"folder":"1#fitness/1#fitt_programs/4#30_day_challenge/06#Day6CardioKickBoxing.jpg","lock":"1","name":"Day 6 Cardio Kick Boxing","video_id":"16"},
{"folder":"1#fitness/1#fitt_programs/4#30_day_challenge/07#Day7FITTPlyo.jpg","lock":"1","name":"Day 7 FITT Plyo","video_id":"17"},
{"folder":"1#fitness/1#fitt_programs/4#30_day_challenge/08#Day8TotalBodyToning.jpg","lock":"1","name":"Day 8 Total Body Toning","video_id":"18"},
{"folder":"1#fitness/1#fitt_programs/4#30_day_challenge/09#Day9FullBodyWorkout.jpg","lock":"1","name":"Day 9 Full Body Workout","video_id":"19"},
{"folder":"1#fitness/1#fitt_programs/4#30_day_challenge/10#Day10TotalBodySculpt.jpg","lock":"1","name":"Day 10 Cardio Extreme","video_id":"20"},
{"folder":"1#fitness/1#fitt_programs/4#30_day_challenge/11#Day1120MinBootCamp.jpg","lock":"1","name":"Day 11 20 Min Boot Camp","video_id":"21"},
{"folder":"1#fitness/1#fitt_programs/4#30_day_challenge/12#Day1225MinTankTopArms.jpg","lock":"1","name":"Day 12 25 Min Tank Top Arms","video_id":"22"},
{"folder":"1#fitness/1#fitt_programs/4#30_day_challenge/13#Day1320MinFatBurnCardio.jpg","lock":"1","name":"Day 13 20 Min Fat Burn Cardio","video_id":"23"},
{"folder":"1#fitness/1#fitt_programs/4#30_day_challenge/14#Day14AbsCore.jpg","lock":"1","name":" Day 14 Abs & Core","video_id":"24"},
{"folder":"1#fitness/1#fitt_programs/4#30_day_challenge/15#Day15ButtThigh.jpg","lock":"1","name":"Day 15 Butt & Thigh Blaster","video_id":"25"},
{"folder":"1#fitness/1#fitt_programs/4#30_day_challenge/16#Day16FatBurnCardio.jpg","lock":"1","name":"Day 16 Fat Burn Cardio","video_id":"26"},
{"folder":"1#fitness/1#fitt_programs/4#30_day_challenge/17#Day17FullBodyStrength.jpg","lock":"1","name":"Day 17 Full Body Strength","video_id":"27"},
{"folder":"1#fitness/1#fitt_programs/4#30_day_challenge/18#Day18TabataTraining.jpg","lock":"1","name":"Day 18 Tabata Training","video_id":"28"},
{"folder":"1#fitness/1#fitt_programs/4#30_day_challenge/19#Day19WeightedAbs.jpg","lock":"1","name":"Day 19 Abs with Weights","video_id":"29"},
{"folder":"1#fitness/1#fitt_programs/4#30_day_challenge/20#Day20BackLegs.jpg","lock":"1","name":"Day 20 Back & Legs","video_id":"30"},
{"folder":"1#fitness/1#fitt_programs/4#30_day_challenge/21#Day21HIITCardio.jpg","lock":"1","name":"Day 21 HIIT Cardio","video_id":"31"},
{"folder":"1#fitness/1#fitt_programs/4#30_day_challenge/22#Day22ArmsShoulders.jpg","lock":"1","name":"Day 22 Arms & Shoulders","video_id":"32"},
{"folder":"1#fitness/1#fitt_programs/4#30_day_challenge/23#Day23CardioAbs.jpg","lock":"1","name":"Day 23 Cardio & Abs","video_id":"33"},
{"folder":"1#fitness/1#fitt_programs/4#30_day_challenge/24#Day24FullBodyWorkout.jpg","lock":"1","name":"Day 24 Full Body Workout","video_id":"34"},
{"folder":"1#fitness/1#fitt_programs/4#30_day_challenge/25#Day25CardioPlanks.jpg","lock":"1","name":"Day 25 Cardio & Planks","video_id":"35"},
{"folder":"1#fitness/1#fitt_programs/4#30_day_challenge/26#Day26AbsAbsAbs.jpg","lock":"1","name":"Day 26 Abs, Abs, Abs","video_id":"36"},
{"folder":"1#fitness/1#fitt_programs/4#30_day_challenge/27#Day27CoreBooty.jpg","lock":"1","name":"Day 27 Core & Booty","video_id":"37"},
{"folder":"1#fitness/1#fitt_programs/4#30_day_challenge/28#Day28JustCardio.jpg","lock":"1","name":"Day 28 Just Cardio","video_id":"38"},
{"folder":"1#fitness/1#fitt_programs/4#30_day_challenge/29#Day29AbsCircuit.jpg","lock":"1","name":"Day 29 Abs Circuit","video_id":"39"},
{"folder":"1#fitness/1#fitt_programs/4#30_day_challenge/30#Day30StrengthCardio.jpg","lock":"1","name":"Day 30 Strength & Cardio","video_id":"40"},
{"folder":"1#fitness/1#fitt_programs/2#fitt_nation/","lock":"1","name":"FITT Nation – Intermediate"},
{"folder":"1#fitness/1#fitt_programs/2#fitt_nation/1#20MinFatBurnCardio.jpg","lock":"1","name":"20 Min Fat Burn Cardio","video_id":"41"},
{"folder":"1#fitness/1#fitt_programs/2#fitt_nation/2#FITTUpperBody.jpg","lock":"1","name":"FITT Upper Body","video_id":"42"},
{"folder":"1#fitness/1#fitt_programs/2#fitt_nation/3#5MinPlankWorkout.jpg","lock":"1","name":"5 Min Plank Workout","video_id":"43"},
{"folder":"1#fitness/1#fitt_programs/2#fitt_nation/4#40MinKettlebellWorkout.jpg","lock":"1","name":"40 Min Kettlebell Workout","video_id":"44"},
{"folder":"1#fitness/1#fitt_programs/2#fitt_nation/5#KashesheCardio.jpg","lock":"1","name":"Kasheshe Cardio","video_id":"45"},
{"folder":"1#fitness/1#fitt_programs/2#fitt_nation/6#CardioStrengthsAbs.jpg","lock":"1","name":"Cardio, Strengths & Abs","video_id":"46"},
{"folder":"1#fitness/1#fitt_programs/2#fitt_nation/7#FittasticAbsLevel2.jpg","lock":"1","name":"Fittastic Abs Level 2","video_id":"47"},
{"folder":"1#fitness/1#fitt_programs/5#fitt_maternity","lock":"1","name":"FITT Maternity"},
{"folder":"1#fitness/1#fitt_programs/6#fitt_new_mom","lock":"1","name":"FITT New Mom"}, 
{"folder":"1#fitness/2#free_workouts/","lock":"0" ,"name":"Free Workouts"},
{"folder":"1#fitness/2#free_workouts/7MinFullBodyCircuit.jpg","lock":"0" ,"name":"7 Min Full Body Circuit","video_id":"48"},
{"folder":"1#fitness/2#free_workouts/10MinStandingAbs.jpg","lock":"0" ,"name":"10 Min Standing Abs","video_id":"49"},
{"folder":"1#fitness/2#free_workouts/4MinHIITCardio.jpg","lock":"0" ,"name":"4 Min HIIT Cardio","video_id":"50"},
{"folder":"1#fitness/3#workout_by_type/","lock":"1","name":"Workout By Type"},
{"folder":"1#fitness/3#workout_by_type/1#abs/","lock":"1","name":"Abs"},
{"folder":"1#fitness/3#workout_by_type/1#abs/10MinStandingAbs.jpg","lock":"1","name":"10 Min Standing Abs","video_id":"49"},
{"folder":"1#fitness/3#workout_by_type/1#abs/Day14AbsCore.jpg","lock":"1","name":"Day 14 Abs & Core","video_id":"52"},
{"folder":"1#fitness/3#workout_by_type/1#abs/Day19WeightedAbs.jpg","lock":"1","name":"Day 19 Abs with Weights","video_id":"53"},
{"folder":"1#fitness/3#workout_by_type/1#abs/Day23CardioAbs.jpg","lock":"1","name":"Day 23 Cardio & Abs","video_id":"54"},
{"folder":"1#fitness/3#workout_by_type/1#abs/Day26AbsAbsAbs.jpg","lock":"1","name":"Day 26 Abs, Abs, Abs","video_id":"55"},
{"folder":"1#fitness/3#workout_by_type/1#abs/Day3WorktheAbs.jpg","lock":"1","name":"Day 3 AAA: All About Abs","video_id":"56"},
{"folder":"1#fitness/3#workout_by_type/1#abs/FittasticAbsLevel1.jpg","lock":"1","name":"Fittastic Abs Level 1","video_id":"57"},
{"folder":"1#fitness/3#workout_by_type/1#abs/FittasticAbsLevel2.jpg","lock":"1","name":"Fittastic Abs Level 2","video_id":"58"},
{"folder":"1#fitness/3#workout_by_type/2#cardio/","lock":"1","name":"Cardio"},
{"folder":"1#fitness/3#workout_by_type/2#cardio/20MinFatBurnCardio.jpg","lock":"1","name":"20 Min Fat Burn Cardio","video_id":"59"},
{"folder":"1#fitness/3#workout_by_type/2#cardio/Day1120MinBootCamp.jpg","lock":"1","name":"Day 11 20 Min Boot Camp","video_id":"60"},
{"folder":"1#fitness/3#workout_by_type/2#cardio/Day120MinFullBody.jpg","lock":"1","name":"Day 1 20 Min Full Body","video_id":"61"},
{"folder":"1#fitness/3#workout_by_type/2#cardio/Day1320MinFatBurnCardio.jpg","lock":"1","name":"Day 13 20 Min Fat Burn Cardio","video_id":"62"},
{"folder":"1#fitness/3#workout_by_type/2#cardio/Day18TabataTraining.jpg","lock":"1","name":"Day 18 Tabata Training","video_id":"63"},
{"folder":"1#fitness/3#workout_by_type/2#cardio/Day21HIITCardio.jpg","lock":"1","name":"Day 21 HIIT Cardio","video_id":"64"},
{"folder":"1#fitness/3#workout_by_type/2#cardio/Day25CardioPlanks.jpg","lock":"1","name":"Day 25 Cardio & Planks","video_id":"65"},
{"folder":"1#fitness/3#workout_by_type/2#cardio/Day28JustCardio.jpg","lock":"1","name":"Day 28 Just Cardio","video_id":"66"},
{"folder":"1#fitness/3#workout_by_type/2#cardio/Day6CardioKickBoxing.jpg","lock":"1","name":"Day 6 Cardio Kick Boxing","video_id":"67"},
{"folder":"1#fitness/3#workout_by_type/2#cardio/Day7FITTPlyo.jpg","lock":"1","name":"Day 7 FITT Plyo","video_id":"68"},
{"folder":"1#fitness/3#workout_by_type/2#cardio/HIITCardio1.jpg","lock":"1","name":"Cardio Level 1","video_id":"69"},
{"folder":"1#fitness/3#workout_by_type/2#cardio/HIITCardio2.jpg","lock":"1","name":"FITT Cardio","video_id":"70"},
{"folder":"1#fitness/3#workout_by_type/2#cardio/JumpStartCardio.jpg","lock":"1","name":"Jump Start Cardio","video_id":"71"},
{"folder":"1#fitness/3#workout_by_type/2#cardio/KashesheCardio.jpg","lock":"1","name":"Kasheshe Cardio","video_id":"72"},
{"folder":"1#fitness/3#workout_by_type/3#strength_training/","lock":"1","name":"Strength Training"},
{"folder":"1#fitness/3#workout_by_type/3#strength_training/1#upper_body/","lock":"1","name":"Upper Body"},
{"folder":"1#fitness/3#workout_by_type/3#strength_training/1#upper_body/Day1225MinTankTopArms.jpg","lock":"1","name":"Day 12 25 Min Tank Top Arms","video_id":"73"},
{"folder":"1#fitness/3#workout_by_type/3#strength_training/1#upper_body/Day20BackLegs.jpg","lock":"1","name":"Day 20 Back & Legs","video_id":"74"},
{"folder":"1#fitness/3#workout_by_type/3#strength_training/1#upper_body/Day22ArmsShoulders.jpg","lock":"1","name":"Day 22 Arms & Shoulders","video_id":"75"},
{"folder":"1#fitness/3#workout_by_type/3#strength_training/1#upper_body/FITTUpperBody.jpg","lock":"1","name":"FITT Upper Body","video_id":"76"},
{"folder":"1#fitness/3#workout_by_type/3#strength_training/1#upper_body/SexyBack.jpg","lock":"1","name":"FITT Sexy Back","video_id":"77"},
{"folder":"1#fitness/3#workout_by_type/3#strength_training/2#lower_body/","lock":"1","name":"Lower Body"},
{"folder":"1#fitness/3#workout_by_type/3#strength_training/2#lower_body/FITTLowerBody.jpg","lock":"1","name":"FITT Lower Body","video_id":"78"},
{"folder":"1#fitness/3#workout_by_type/3#strength_training/2#lower_body/Day15ButtThigh.jpg","lock":"1","name":"Day 15 Butt & Thigh","video_id":"79"},
{"folder":"1#fitness/3#workout_by_type/3#strength_training/2#lower_body/Day27CoreBooty.jpg","lock":"1","name":"Day 27 Core & Booty","video_id":"80"},
{"folder":"1#fitness/3#workout_by_type/3#strength_training/2#lower_body/Day27FullBodyStrength.jpg","lock":"1","name":"Day 27 Full Body Strength","video_id":"81"},
{"folder":"1#fitness/3#workout_by_type/3#strength_training/2#lower_body/Day4LegsBooty.jpg","lock":"1","name":"Day 4 Legs & Booty","video_id":"82"},
{"folder":"1#fitness/3#workout_by_type/3#strength_training/3#full_body/","lock":"1","name":"Full Body"},
{"folder":"1#fitness/3#workout_by_type/3#strength_training/3#full_body/40MinKettlebellWorkout.jpg","lock":"1","name":"40 Min Kettlebell Workout","video_id":"82"},
{"folder":"1#fitness/3#workout_by_type/3#strength_training/3#full_body/CardioStrengthAbs.jpg","lock":"1","name":"Cardio, Strength & Abs","video_id":"83"},
{"folder":"1#fitness/3#workout_by_type/3#strength_training/3#full_body/Day10TotalBodySculpt.jpg","lock":"1","name":"Day 10 Total Body Sculpt","video_id":"84"},
{"folder":"1#fitness/3#workout_by_type/3#strength_training/3#full_body/Day16FatBurnCardio.jpg","lock":"1","name":"Day 16 Fat Burn Cardio","video_id":"85"},
{"folder":"1#fitness/3#workout_by_type/3#strength_training/3#full_body/Day17FullBodyStrength.jpg","lock":"1","name":"Day 17 Full Body Strength","video_id":"86"},
{"folder":"1#fitness/3#workout_by_type/3#strength_training/3#full_body/Day24FullBodyWorkout.jpg","lock":"1","name":"Day 24 Full Body Workout","video_id":"87"},
{"folder":"1#fitness/3#workout_by_type/3#strength_training/3#full_body/Day30StrengthCardio.jpg","lock":"1","name":"Day 30 Strength & Cardio","video_id":"88"},
{"folder":"1#fitness/3#workout_by_type/3#strength_training/3#full_body/Day8TotalBodyToning.jpg","lock":"1","name":"Day 8 Total Body Toning","video_id":"89"},
{"folder":"1#fitness/3#workout_by_type/3#strength_training/3#full_body/Day9FullBodyWorkout.jpg","lock":"1","name":"Day 9 Full Body Workout","video_id":"90"},
{"folder":"1#fitness/3#workout_by_type/3#strength_training/3#full_body/StrengthTraining.jpg","lock":"1","name":"Strength Training","video_id":"91"},
{"folder":"1#fitness/4#program_materials/","lock":"1","name":"Program Materials"},
{"folder":"1#fitness/4#program_materials/1#FITT_Jumpstart_Workout_Schedule.pdf.jpg","lock":"1","name":"  FITT Jumpstart Workout schedule","video_id":"pdf1"},
{"folder":"1#fitness/4#program_materials/2#FITTer_in_30_Workout_Schedule.pdf.jpg","lock":"1","name":" FITTer in 30 Workout Schedule","video_id":"pdf2"},
{"folder":"1#fitness/4#program_materials/3#FITT_Nation_Workout_Schedule.pdf.jpg","lock":"1","name":" FITT Nation Workout Schedule","video_id":"pdf3"},
{"folder":"2#meal_plan/","lock":"1","name":"Meal Plans"},
{"folder":"2#meal_plan/1#bongo_meal_plan/","lock":"1","name":"Bongo Meal Plan"},
{"folder":"2#meal_plan/2#high_protein_low_carb/","lock":"1","name":"High Protein Low Carb"},
{"folder":"2#meal_plan/3#paleo_diet/","lock":"1","name":"Paleo Diet"},
{"folder":"2#meal_plan/4#vegetarian/","lock":"1","name":"Vegetarian"},
{"folder":"3#tools/","lock":"1","name":"Tools"},
{"folder":"3#tools/1#how_to_measure_yourself/","lock":"1","name":"How To Measure Yourself"},
{"folder":"3#tools/1#how_to_measure_yourself/Res_Measurement.jpg","lock":"0","name":"How To Measure Yourself","video_id":"92"},
{"folder":"3#tools/1#how_to_measure_yourself/Did_You_Know.pdf.jpg","lock":"0","name":"Did You Know","video_id":"pdf4"},
{"folder":"3#tools/1#how_to_measure_yourself/Helpful_Tips.pdf.jpg","lock":"0","name":"Helpful Tips","video_id":"pdf5"},
{"folder":"3#tools/2#weight_&_progress_tracker","lock":"1","name":"Weight & Progress Tracker"},
{"folder":"4#transformations/","lock":"1","name":"Transformations"},
{"folder":"4#transformations/1#read_success_stories/","lock":"1","name":"Read Success Stories"},
{"folder":"5#ask_aicha_una_swali_gani/","lock":"1","name":"Ask Aicha / Una Swali Gani"},
{"folder":"6#join_our_fitt_community","lock":"1","name":"Join Our Fitt Community"},
{"folder":"7#account_info/","lock":"1","name":"Account Info"},
{"folder":"7#account_info/1#fitness_level/","lock":"1","name":"Fitness Level"},
{"folder":"7#account_info/2#privacy_policy/","lock":"1","name":"Privacy Policy"},
{"folder":"7#account_info/3#profile/","lock":"1","name":"Profile "},
{"folder":"7#account_info/4#Manage_Subscription/","lock":"1","name":"Manage Subscription "},
{"folder":"7#account_info/5#help/","lock":"1","name":"Help "},
{"folder":"8#my_downloaded_videos/","lock":"1","name":"My Downloaded Videos"},
{"folder":"social_share","lock":"1","name":"Hi there! Download the Get FITT with Aicha app for healthly meal plans, wellness tips, and AWESOME workout programs that will get you FITTer in just 30 Days!"},
{"folder": "social_share_config","ios": [{"message": "Hi there! Download the Get FITT with Aicha app for healthly meal plans, wellness tips, and AWESOME workout programs that will get you FITTer in just 30 Days!","subject": "FITTNESS","imgUrl": "","downloadlink": "https://itunes.apple.com/us/app/get-fitt-with-aicha/id1320025553?mt=8"}],"android": [{"message": "Hi there! Download the Get FITT with Aicha app for healthly meal plans, wellness tips, and AWESOME workout programs that will get you FITTer in just 30 Days!","subject": "FITTNESS","imgUrl": "","downloadlink": "https://itunes.apple.com/us/app/get-fitt-with-aicha/id1320025553?mt=8"}]},
{"folder": "inapppurchase","ids": [{"productid": "com.fittasticbyaicha.getfittwithaicha.monthlysubscription","discountmsg": "Save 20%"}]}
]